[
{
  "model": "polls.question",
  "pk": 1,
  "fields": {
    "question_text": "What's up?",
    "pub_date": "2022-09-04T09:55:03Z",
    "end_date": "2022-09-04T09:55:03Z"
  }
},
{
  "model": "polls.question",
  "pk": 2,
  "fields": {
    "question_text": "Whose Chips is better, mcDonald or Burger King?",
    "pub_date": "2022-09-05T07:08:34Z",
    "end_date": null
  }
},
{
  "model": "polls.question",
  "pk": 3,
  "fields": {
    "question_text": "Is Subway a Sandwich?",
    "pub_date": "2022-09-05T07:15:01Z",
    "end_date": null
  }
},
{
  "model": "polls.question",
  "pk": 4,
  "fields": {
    "question_text": "2022 Best music streaming platform in Thailand?",
    "pub_date": "2022-09-19T05:19:29Z",
    "end_date": null
  }
},
{
  "model": "polls.question",
  "pk": 5,
  "fields": {
    "question_text": "Will Bangkok drown in 2040?",
    "pub_date": "2022-09-19T00:00:00Z",
    "end_date": null
  }
},
{
  "model": "polls.question",
  "pk": 6,
  "fields": {
    "question_text": "Do you reading a book every day?",
    "pub_date": "2022-09-19T05:22:54Z",
    "end_date": null
  }
},
{
  "model": "polls.question",
  "pk": 7,
  "fields": {
    "question_text": "Your one and only Programming Language?",
    "pub_date": "2022-09-21T13:14:09Z",
    "end_date": null
  }
},
{
  "model": "polls.choice",
  "pk": 1,
  "fields": {
    "question": 1,
    "choice_text": "Not much"
  }
},
{
  "model": "polls.choice",
  "pk": 2,
  "fields": {
    "question": 1,
    "choice_text": "The sky"
  }
},
{
  "model": "polls.choice",
  "pk": 3,
  "fields": {
    "question": 1,
    "choice_text": "Jusy hacking again"
  }
},
{
  "model": "polls.choice",
  "pk": 4,
  "fields": {
    "question": 2,
    "choice_text": "mcDonalds of course!"
  }
},
{
  "model": "polls.choice",
  "pk": 5,
  "fields": {
    "question": 2,
    "choice_text": "Nah, Burger King is better!"
  }
},
{
  "model": "polls.choice",
  "pk": 6,
  "fields": {
    "question": 3,
    "choice_text": "It look like a Sandwich, It's a Sandwich!"
  }
},
{
  "model": "polls.choice",
  "pk": 7,
  "fields": {
    "question": 3,
    "choice_text": "WHO said it is not a Sandwich so, I say so"
  }
},
{
  "model": "polls.choice",
  "pk": 8,
  "fields": {
    "question": 2,
    "choice_text": "I don't like both"
  }
},
{
  "model": "polls.choice",
  "pk": 9,
  "fields": {
    "question": 4,
    "choice_text": "Spotify"
  }
},
{
  "model": "polls.choice",
  "pk": 10,
  "fields": {
    "question": 4,
    "choice_text": "Apple music"
  }
},
{
  "model": "polls.choice",
  "pk": 11,
  "fields": {
    "question": 4,
    "choice_text": "Youtube music"
  }
},
{
  "model": "polls.choice",
  "pk": 12,
  "fields": {
    "question": 4,
    "choice_text": "Tidal"
  }
},
{
  "model": "polls.choice",
  "pk": 13,
  "fields": {
    "question": 4,
    "choice_text": "JOOX"
  }
},
{
  "model": "polls.choice",
  "pk": 14,
  "fields": {
    "question": 4,
    "choice_text": "Deezer"
  }
},
{
  "model": "polls.choice",
  "pk": 15,
  "fields": {
    "question": 4,
    "choice_text": "SoundClound"
  }
},
{
  "model": "polls.choice",
  "pk": 16,
  "fields": {
    "question": 5,
    "choice_text": "Definitely, YES!"
  }
},
{
  "model": "polls.choice",
  "pk": 17,
  "fields": {
    "question": 5,
    "choice_text": "Nah, No way"
  }
},
{
  "model": "polls.choice",
  "pk": 18,
  "fields": {
    "question": 6,
    "choice_text": "Yes, I am"
  }
},
{
  "model": "polls.choice",
  "pk": 19,
  "fields": {
    "question": 6,
    "choice_text": "No, I am not"
  }
},
{
  "model": "polls.choice",
  "pk": 20,
  "fields": {
    "question": 7,
    "choice_text": "Python"
  }
},
{
  "model": "polls.choice",
  "pk": 21,
  "fields": {
    "question": 7,
    "choice_text": "Java"
  }
},
{
  "model": "polls.choice",
  "pk": 22,
  "fields": {
    "question": 7,
    "choice_text": "JS"
  }
},
{
  "model": "polls.choice",
  "pk": 23,
  "fields": {
    "question": 7,
    "choice_text": "C"
  }
},
{
  "model": "polls.choice",
  "pk": 24,
  "fields": {
    "question": 7,
    "choice_text": "C#"
  }
},
{
  "model": "polls.choice",
  "pk": 25,
  "fields": {
    "question": 7,
    "choice_text": "C++"
  }
},
{
  "model": "polls.choice",
  "pk": 26,
  "fields": {
    "question": 7,
    "choice_text": "Ruby"
  }
},
{
  "model": "polls.choice",
  "pk": 27,
  "fields": {
    "question": 7,
    "choice_text": "Go"
  }
},
{
  "model": "polls.choice",
  "pk": 28,
  "fields": {
    "question": 7,
    "choice_text": "MicroPython"
  }
},
{
  "model": "polls.choice",
  "pk": 29,
  "fields": {
    "question": 7,
    "choice_text": "PHP"
  }
},
{
  "model": "polls.choice",
  "pk": 30,
  "fields": {
    "question": 7,
    "choice_text": "Rust"
  }
},
{
  "model": "polls.choice",
  "pk": 31,
  "fields": {
    "question": 7,
    "choice_text": "Swift"
  }
},
{
  "model": "polls.choice",
  "pk": 32,
  "fields": {
    "question": 7,
    "choice_text": "R"
  }
},
{
  "model": "polls.choice",
  "pk": 33,
  "fields": {
    "question": 7,
    "choice_text": "Other"
  }
},
{
  "model": "polls.vote",
  "pk": 1,
  "fields": {
    "user": 1,
    "choice": 6
  }
},
{
  "model": "polls.vote",
  "pk": 2,
  "fields": {
    "user": 1,
    "choice": 4
  }
},
{
  "model": "polls.vote",
  "pk": 3,
  "fields": {
    "user": 1,
    "choice": 5
  }
},
{
  "model": "polls.vote",
  "pk": 7,
  "fields": {
    "user": 1,
    "choice": 6
  }
},
{
  "model": "polls.vote",
  "pk": 8,
  "fields": {
    "user": 5,
    "choice": 7
  }
},
{
  "model": "polls.vote",
  "pk": 14,
  "fields": {
    "user": 3,
    "choice": 6
  }
},
{
  "model": "polls.vote",
  "pk": 21,
  "fields": {
    "user": 3,
    "choice": 11
  }
},
{
  "model": "polls.vote",
  "pk": 28,
  "fields": {
    "user": 3,
    "choice": 18
  }
},
{
  "model": "polls.vote",
  "pk": 36,
  "fields": {
    "user": 3,
    "choice": 5
  }
},
{
  "model": "polls.vote",
  "pk": 37,
  "fields": {
    "user": 3,
    "choice": 20
  }
}
]
